Workbook

Sheet Cover
B2: Sample Data Cleaning Workbook
B12: Research Edit4u Solutions
B13: Student Stress, Sleep and Academic Performance Dataset
B14: Website: www.researchedit4u.in
B16: What this sample includes • Raw dataset snapshot • Issue identification tracker • Cleaning rules / SOP • Cleaned dataset • Cleaning log and dashboard | F16: Ideal deliverables for clients • Clean dataset • Cleaning log • Transparent cleaning rules • Audit-friendly issue table • Analysis-ready final file
B23: Purpose of this sample: demonstrate how Research Edit4u Solutions converts a messy survey file into a clean, consistent and analysis-ready dataset while keeping a transparent log of every major rule applied.
B27: Prepared as a client-facing demonstration sample

Sheet Raw_Data
A1: Raw Dataset Snapshot (Messy Client File)
A2: Sample objective: | B2: Assess the relationship between sleep, stress and academic performance among university students.
A4: Respondent_ID | B4: Student_Name | C4: Gender | D4: Age | E4: Survey_Date | F4: Sleep_Hours | G4: Stress_Score | H4: Attendance_% | I4: GPA | J4: Email | K4: Duplicate_Flag | L4: Missing_Field_Count | M4: Outlier_Flag
A5: ST001 | B5: Aarav Mehta | C5: Male | D5: 21 | E5: 12/02/2025 | F5: 7.5 | G5: 6 | H5: 91 | I5: 3.4 | J5: aarav@uni.edu | K5: =IF(COUNTIF($A$5:$A$29,A5)>1,1,0) -> 0 | L5: =COUNTBLANK(B5:J5) -> 0 | M5: =IF(OR(AND(ISNUMBER(D5),OR(D5<18,D5>60)),AND(ISNUMBER(F5),OR(F5<3,F5>12)),AND(ISNUMBER(G5),OR(G5<1,G5>10)),AND(ISNUMBER(H5),OR(H5<0,H5>100)),AND(ISNUMBER(I5),OR(I5<0,I5>4))),1,0) -> 0
A6: ST002 | B6: Diya Sharma | C6: female | D6: 20 | E6: 2025-02-13 | F6: 6 | G6: 8 | H6: 88 | I6: 3.2 | J6: diya@uni.edu | K6: =IF(COUNTIF($A$5:$A$29,A6)>1,1,0) -> 0 | L6: =COUNTBLANK(B6:J6) -> 0 | M6: =IF(OR(AND(ISNUMBER(D6),OR(D6<18,D6>60)),AND(ISNUMBER(F6),OR(F6<3,F6>12)),AND(ISNUMBER(G6),OR(G6<1,G6>10)),AND(ISNUMBER(H6),OR(H6<0,H6>100)),AND(ISNUMBER(I6),OR(I6<0,I6>4))),1,0) -> 0
A7: ST003 | B7: Rohan Iyer | C7: M | D7: 22 | E7: Feb 14 2025 | F7: 5.5 | G7: 9 | H7: 95 | I7: 3.8 | J7: rohan.iyer@uni.edu | K7: =IF(COUNTIF($A$5:$A$29,A7)>1,1,0) -> 0 | L7: =COUNTBLANK(B7:J7) -> 0 | M7: =IF(OR(AND(ISNUMBER(D7),OR(D7<18,D7>60)),AND(ISNUMBER(F7),OR(F7<3,F7>12)),AND(ISNUMBER(G7),OR(G7<1,G7>10)),AND(ISNUMBER(H7),OR(H7<0,H7>100)),AND(ISNUMBER(I7),OR(I7<0,I7>4))),1,0) -> 0
A8: ST004 | B8: Neha Kapoor | C8: F | D8: 19 | E8: 15-02-2025 | F8: 8 | G8: 4 | H8: 84 | I8: 3.6 | J8: neha@uni.edu | K8: =IF(COUNTIF($A$5:$A$29,A8)>1,1,0) -> 0 | L8: =COUNTBLANK(B8:J8) -> 0 | M8: =IF(OR(AND(ISNUMBER(D8),OR(D8<18,D8>60)),AND(ISNUMBER(F8),OR(F8<3,F8>12)),AND(ISNUMBER(G8),OR(G8<1,G8>10)),AND(ISNUMBER(H8),OR(H8<0,H8>100)),AND(ISNUMBER(I8),OR(I8<0,I8>4))),1,0) -> 0
A9: ST005 | B9: Kabir Singh | C9: male | D9: 210 | E9: 2025/02/16 | F9: 7 | G9: 5 | H9: 90 | I9: 3.1 | J9: kabir@uni.edu | K9: =IF(COUNTIF($A$5:$A$29,A9)>1,1,0) -> 0 | L9: =COUNTBLANK(B9:J9) -> 0 | M9: =IF(OR(AND(ISNUMBER(D9),OR(D9<18,D9>60)),AND(ISNUMBER(F9),OR(F9<3,F9>12)),AND(ISNUMBER(G9),OR(G9<1,G9>10)),AND(ISNUMBER(H9),OR(H9<0,H9>100)),AND(ISNUMBER(I9),OR(I9<0,I9>4))),1,0) -> 1
A10: ST006 | B10: Ishita Rao | C10: Female | D10: 20 | E10: 17 Feb 2025 | G10: 7 | H10: 86 | I10: 3.3 | J10: ishita@uni.edu | K10: =IF(COUNTIF($A$5:$A$29,A10)>1,1,0) -> 0 | L10: =COUNTBLANK(B10:J10) -> 1 | M10: =IF(OR(AND(ISNUMBER(D10),OR(D10<18,D10>60)),AND(ISNUMBER(F10),OR(F10<3,F10>12)),AND(ISNUMBER(G10),OR(G10<1,G10>10)),AND(ISNUMBER(H10),OR(H10<0,H10>100)),AND(ISNUMBER(I10),OR(I10<0,I10>4))),1,0) -> 0
A11: ST007 | B11: Arjun Das | C11: Male | D11: 23 | E11: 18/02/25 | F11: 25 | G11: 6 | H11: 89 | I11: 3.5 | J11: arjun@uni.edu | K11: =IF(COUNTIF($A$5:$A$29,A11)>1,1,0) -> 0 | L11: =COUNTBLANK(B11:J11) -> 0 | M11: =IF(OR(AND(ISNUMBER(D11),OR(D11<18,D11>60)),AND(ISNUMBER(F11),OR(F11<3,F11>12)),AND(ISNUMBER(G11),OR(G11<1,G11>10)),AND(ISNUMBER(H11),OR(H11<0,H11>100)),AND(ISNUMBER(I11),OR(I11<0,I11>4))),1,0) -> 1
A12: ST008 | B12: Sara Khan | C12: female | D12: 18 | E12: 2025.02.19 | F12: 4 | G12: 15 | H12: 92 | I12: 3 | J12: sara@uni.edu | K12: =IF(COUNTIF($A$5:$A$29,A12)>1,1,0) -> 0 | L12: =COUNTBLANK(B12:J12) -> 0 | M12: =IF(OR(AND(ISNUMBER(D12),OR(D12<18,D12>60)),AND(ISNUMBER(F12),OR(F12<3,F12>12)),AND(ISNUMBER(G12),OR(G12<1,G12>10)),AND(ISNUMBER(H12),OR(H12<0,H12>100)),AND(ISNUMBER(I12),OR(I12<0,I12>4))),1,0) -> 1
A13: ST009 | B13: Vihaan Roy | C13: M | D13: 21 | E13: 20 Feb, 2025 | F13: 0 | G13: 8 | H13: 108 | I13: 2.9 | J13: vihaan@uni.edu | K13: =IF(COUNTIF($A$5:$A$29,A13)>1,1,0) -> 0 | L13: =COUNTBLANK(B13:J13) -> 0 | M13: =IF(OR(AND(ISNUMBER(D13),OR(D13<18,D13>60)),AND(ISNUMBER(F13),OR(F13<3,F13>12)),AND(ISNUMBER(G13),OR(G13<1,G13>10)),AND(ISNUMBER(H13),OR(H13<0,H13>100)),AND(ISNUMBER(I13),OR(I13<0,I13>4))),1,0) -> 1
A14: ST010 | B14: Ananya Sen | C14: Female | D14: 20 | E14: 21/02/2025 | F14: 6.5 | G14: 7 | H14: -5 | I14: 3.7 | J14: ananya@uni.edu | K14: =IF(COUNTIF($A$5:$A$29,A14)>1,1,0) -> 0 | L14: =COUNTBLANK(B14:J14) -> 0 | M14: =IF(OR(AND(ISNUMBER(D14),OR(D14<18,D14>60)),AND(ISNUMBER(F14),OR(F14<3,F14>12)),AND(ISNUMBER(G14),OR(G14<1,G14>10)),AND(ISNUMBER(H14),OR(H14<0,H14>100)),AND(ISNUMBER(I14),OR(I14<0,I14>4))),1,0) -> 1
A15: ST011 | B15: Rahul Jain | C15: male | E15: 2025-02-22 | F15: 7 | G15: 3 | H15: 93 | I15: 3.9 | J15: rahul@uni.edu | K15: =IF(COUNTIF($A$5:$A$29,A15)>1,1,0) -> 1 | L15: =COUNTBLANK(B15:J15) -> 1 | M15: =IF(OR(AND(ISNUMBER(D15),OR(D15<18,D15>60)),AND(ISNUMBER(F15),OR(F15<3,F15>12)),AND(ISNUMBER(G15),OR(G15<1,G15>10)),AND(ISNUMBER(H15),OR(H15<0,H15>100)),AND(ISNUMBER(I15),OR(I15<0,I15>4))),1,0) -> 0
A16: ST011 | B16: Rahul Jain | C16: male | E16: 2025-02-22 | F16: 7 | G16: 3 | H16: 93 | I16: 3.9 | J16: rahul@uni.edu | K16: =IF(COUNTIF($A$5:$A$29,A16)>1,1,0) -> 1 | L16: =COUNTBLANK(B16:J16) -> 1 | M16: =IF(OR(AND(ISNUMBER(D16),OR(D16<18,D16>60)),AND(ISNUMBER(F16),OR(F16<3,F16>12)),AND(ISNUMBER(G16),OR(G16<1,G16>10)),AND(ISNUMBER(H16),OR(H16<0,H16>100)),AND(ISNUMBER(I16),OR(I16<0,I16>4))),1,0) -> 0
A17: ST012 | B17: Pooja Nair | C17: F | D17: 19 | E17: 23-02-2025 | F17: 8.5 | G17: -1 | H17: 87 | I17: 3.4 | J17: pooja@uni.edu | K17: =IF(COUNTIF($A$5:$A$29,A17)>1,1,0) -> 0 | L17: =COUNTBLANK(B17:J17) -> 0 | M17: =IF(OR(AND(ISNUMBER(D17),OR(D17<18,D17>60)),AND(ISNUMBER(F17),OR(F17<3,F17>12)),AND(ISNUMBER(G17),OR(G17<1,G17>10)),AND(ISNUMBER(H17),OR(H17<0,H17>100)),AND(ISNUMBER(I17),OR(I17<0,I17>4))),1,0) -> 1
A18: ST013 | B18: Dev Patel | C18: Male | D18: 22 | E18: 24/02/2025 | F18: 7 | G18: 5 | H18: 90 | I18: 4.8 | J18: dev@uni.edu | K18: =IF(COUNTIF($A$5:$A$29,A18)>1,1,0) -> 0 | L18: =COUNTBLANK(B18:J18) -> 0 | M18: =IF(OR(AND(ISNUMBER(D18),OR(D18<18,D18>60)),AND(ISNUMBER(F18),OR(F18<3,F18>12)),AND(ISNUMBER(G18),OR(G18<1,G18>10)),AND(ISNUMBER(H18),OR(H18<0,H18>100)),AND(ISNUMBER(I18),OR(I18<0,I18>4))),1,0) -> 1
A19: ST014 | B19: Mira Thomas | C19: female | D19: 21 | E19: 2025/02/25 | F19: 5 | G19: 9 | H19: 82 | I19: 2.8 | J19: mira@uni.edu | K19: =IF(COUNTIF($A$5:$A$29,A19)>1,1,0) -> 0 | L19: =COUNTBLANK(B19:J19) -> 0 | M19: =IF(OR(AND(ISNUMBER(D19),OR(D19<18,D19>60)),AND(ISNUMBER(F19),OR(F19<3,F19>12)),AND(ISNUMBER(G19),OR(G19<1,G19>10)),AND(ISNUMBER(H19),OR(H19<0,H19>100)),AND(ISNUMBER(I19),OR(I19<0,I19>4))),1,0) -> 0
A20: ST015 | B20: Nikhil Bose | C20: M | D20: 17 | E20: 26 Feb 2025 | F20: 6 | G20: 6 | H20: 79 | I20: 3.1 | J20: nikhil@uni.edu | K20: =IF(COUNTIF($A$5:$A$29,A20)>1,1,0) -> 0 | L20: =COUNTBLANK(B20:J20) -> 0 | M20: =IF(OR(AND(ISNUMBER(D20),OR(D20<18,D20>60)),AND(ISNUMBER(F20),OR(F20<3,F20>12)),AND(ISNUMBER(G20),OR(G20<1,G20>10)),AND(ISNUMBER(H20),OR(H20<0,H20>100)),AND(ISNUMBER(I20),OR(I20<0,I20>4))),1,0) -> 1
A21: ST016 | B21: Zoya Ali | C21: Female | D21: 20 | E21: 27/02/2025 | F21: 7.5 | G21: 4 | H21: 85 | I21: 3.5 | K21: =IF(COUNTIF($A$5:$A$29,A21)>1,1,0) -> 0 | L21: =COUNTBLANK(B21:J21) -> 1 | M21: =IF(OR(AND(ISNUMBER(D21),OR(D21<18,D21>60)),AND(ISNUMBER(F21),OR(F21<3,F21>12)),AND(ISNUMBER(G21),OR(G21<1,G21>10)),AND(ISNUMBER(H21),OR(H21<0,H21>100)),AND(ISNUMBER(I21),OR(I21<0,I21>4))),1,0) -> 0
A22: ST017 | B22: Karan Gill | C22: male | D22: 23 | E22: 28-02-2025 | F22: 3 | G22: 10 | H22: 97 | I22: 3 | J22: karan@uni.edu | K22: =IF(COUNTIF($A$5:$A$29,A22)>1,1,0) -> 0 | L22: =COUNTBLANK(B22:J22) -> 0 | M22: =IF(OR(AND(ISNUMBER(D22),OR(D22<18,D22>60)),AND(ISNUMBER(F22),OR(F22<3,F22>12)),AND(ISNUMBER(G22),OR(G22<1,G22>10)),AND(ISNUMBER(H22),OR(H22<0,H22>100)),AND(ISNUMBER(I22),OR(I22<0,I22>4))),1,0) -> 0
A23: ST018 | B23: Tanya Paul | C23: F | D23: 21 | E23: 01/03/2025 | F23: 11 | G23: 2 | H23: 90 | I23: -0.5 | J23: tanya@uni.edu | K23: =IF(COUNTIF($A$5:$A$29,A23)>1,1,0) -> 0 | L23: =COUNTBLANK(B23:J23) -> 0 | M23: =IF(OR(AND(ISNUMBER(D23),OR(D23<18,D23>60)),AND(ISNUMBER(F23),OR(F23<3,F23>12)),AND(ISNUMBER(G23),OR(G23<1,G23>10)),AND(ISNUMBER(H23),OR(H23<0,H23>100)),AND(ISNUMBER(I23),OR(I23<0,I23>4))),1,0) -> 1
A24: ST019 | B24: Reyansh Verma | C24: Male | D24: 22 | E24: 2025-03-02 | F24: 6 | G24: 7 | H24: 88 | I24: 3.4 | J24: reyansh@uni.edu | K24: =IF(COUNTIF($A$5:$A$29,A24)>1,1,0) -> 0 | L24: =COUNTBLANK(B24:J24) -> 0 | M24: =IF(OR(AND(ISNUMBER(D24),OR(D24<18,D24>60)),AND(ISNUMBER(F24),OR(F24<3,F24>12)),AND(ISNUMBER(G24),OR(G24<1,G24>10)),AND(ISNUMBER(H24),OR(H24<0,H24>100)),AND(ISNUMBER(I24),OR(I24<0,I24>4))),1,0) -> 0
A25: ST020 | B25: Ira Joshi | C25: female | D25: 20 | E25: 03 Mar 2025 | F25: 7 | G25: 6 | H25: 91 | I25: 3.6 | J25: ira@uni.edu | K25: =IF(COUNTIF($A$5:$A$29,A25)>1,1,0) -> 0 | L25: =COUNTBLANK(B25:J25) -> 0 | M25: =IF(OR(AND(ISNUMBER(D25),OR(D25<18,D25>60)),AND(ISNUMBER(F25),OR(F25<3,F25>12)),AND(ISNUMBER(G25),OR(G25<1,G25>10)),AND(ISNUMBER(H25),OR(H25<0,H25>100)),AND(ISNUMBER(I25),OR(I25<0,I25>4))),1,0) -> 0
A26: ST021 | B26: Aditya Rao | C26: M | D26: 21 | E26: 04/03/25 | F26: 5 | G26: 8 | H26: 83 | I26: 3.2 | J26: aditya@uni.edu | K26: =IF(COUNTIF($A$5:$A$29,A26)>1,1,0) -> 0 | L26: =COUNTBLANK(B26:J26) -> 0 | M26: =IF(OR(AND(ISNUMBER(D26),OR(D26<18,D26>60)),AND(ISNUMBER(F26),OR(F26<3,F26>12)),AND(ISNUMBER(G26),OR(G26<1,G26>10)),AND(ISNUMBER(H26),OR(H26<0,H26>100)),AND(ISNUMBER(I26),OR(I26<0,I26>4))),1,0) -> 0
A27: ST022 | B27: Meera Bhat | C27: Female | D27: 19 | E27: 2025.03.05 | F27: 8 | G27: 5 | H27: 86 | J27: meera@uni.edu | K27: =IF(COUNTIF($A$5:$A$29,A27)>1,1,0) -> 0 | L27: =COUNTBLANK(B27:J27) -> 1 | M27: =IF(OR(AND(ISNUMBER(D27),OR(D27<18,D27>60)),AND(ISNUMBER(F27),OR(F27<3,F27>12)),AND(ISNUMBER(G27),OR(G27<1,G27>10)),AND(ISNUMBER(H27),OR(H27<0,H27>100)),AND(ISNUMBER(I27),OR(I27<0,I27>4))),1,0) -> 0
A28: ST023 | B28: Samar Khurana | C28: male | D28: 22 | E28: 06-03-2025 | F28: 4.5 | G28: 9 | H28: 80 | I28: 3 | J28: samar@uni.edu | K28: =IF(COUNTIF($A$5:$A$29,A28)>1,1,0) -> 0 | L28: =COUNTBLANK(B28:J28) -> 0 | M28: =IF(OR(AND(ISNUMBER(D28),OR(D28<18,D28>60)),AND(ISNUMBER(F28),OR(F28<3,F28>12)),AND(ISNUMBER(G28),OR(G28<1,G28>10)),AND(ISNUMBER(H28),OR(H28<0,H28>100)),AND(ISNUMBER(I28),OR(I28<0,I28>4))),1,0) -> 0
A29: ST024 | B29: Ria Dsouza | C29: F | D29: 20 | E29: 07/03/2025 | G29: 4 | H29: 89 | I29: 3.8 | J29: ria@uni.edu | K29: =IF(COUNTIF($A$5:$A$29,A29)>1,1,0) -> 0 | L29: =COUNTBLANK(B29:J29) -> 1 | M29: =IF(OR(AND(ISNUMBER(D29),OR(D29<18,D29>60)),AND(ISNUMBER(F29),OR(F29<3,F29>12)),AND(ISNUMBER(G29),OR(G29<1,G29>10)),AND(ISNUMBER(H29),OR(H29<0,H29>100)),AND(ISNUMBER(I29),OR(I29<0,I29>4))),1,0) -> 0

Sheet Issues_Identified
A1: Issue Identification Tracker
A3: Variable | B3: Issue Type | C3: Rule / Threshold | D3: Example from Raw Data | E3: Risk if Ignored | F3: Action Taken | G3: Status
A4: Respondent_ID | B4: Duplicate record | C4: 1 unique row per respondent | D4: ST011 repeated twice | E4: Inflates sample size | F4: Retained one verified row and removed duplicate copy | G4: Resolved
A5: Gender | B5: Inconsistent categorical labels | C5: Use Male / Female only | D5: Male, male, M, F, female | E5: Category splits in analysis | F5: Standardized all entries to Male or Female | G5: Resolved
A6: Age | B6: Impossible / out-of-scope values | C6: Allowed range: 18–60 years | D6: 210, 17, blank | E6: Biased descriptive statistics | F6: Invalid values set to blank for review | G6: Resolved
A7: Survey_Date | B7: Mixed date formats | C7: Convert to DD-MMM-YYYY | D7: 12/02/2025, 2025.02.19, Feb 14 2025 | E7: Sorting and time filters fail | F7: Standardized all dates to a single format | G7: Resolved
A8: Sleep_Hours | B8: Outlier values | C8: Allowed range: 3–12 hours | D8: 25, 0, blank | E8: Skews mean and regression | F8: Outliers set to blank; genuine missing retained | G8: Resolved
A9: Stress_Score | B9: Outlier values | C9: Allowed range: 1–10 | D9: 15, -1 | E9: False variation in scale | F9: Invalid scores set to blank | G9: Resolved
A10: Attendance_% | B10: Outlier values | C10: Allowed range: 0–100% | D10: 108, -5 | E10: Invalid attendance distribution | F10: Invalid percentages set to blank | G10: Resolved
A11: GPA | B11: Outlier values / missing | C11: Allowed range: 0–4 | D11: 4.8, -0.5, blank | E11: Unusable performance indicator | F11: Invalid values set to blank | G11: Resolved
A12: Email | B12: Whitespace / missing | C12: Trim spaces; blank if unavailable | D12: diya@uni.edu , blank | E12: Contact field inconsistency | F12: Trimmed spaces and retained missing as blank | G12: Resolved
A13: Student_Name | B13: Extra spaces | C13: Trim internal leading/trailing spaces | D13: Rohan Iyer, Male | E13: Join / lookup issues | F13: Whitespace normalized | G13: Resolved

Sheet Cleaning_Rules
A1: Cleaning Rules / Standard Operating Procedure
A3: Step | B3: Category | C3: Rule | D3: Why it matters | E3: Applied? | F3: Notes
A4: 1 | B4: File integrity | C4: Preserve original raw file unchanged before making any edits. | D4: Maintains audit trail and reproducibility. | E4: Yes | F4: Raw_Data sheet kept separate.
A5: 2 | B5: Duplicates | C5: Check unique Respondent_ID values and remove duplicated records after verification. | D5: Prevents inflated sample size. | E5: Yes | F5: One duplicate row removed.
A6: 3 | B6: Whitespace | C6: Trim leading/trailing spaces in names, gender values and email fields. | D6: Improves joins, filters and visual consistency. | E6: Yes | F6: Applied to text fields.
A7: 4 | B7: Categories | C7: Standardize gender coding to Male / Female only. | D7: Prevents split categories in charts/tables. | E7: Yes | F7: M/F/male/female normalized.
A8: 5 | B8: Dates | C8: Convert all survey dates to DD-MMM-YYYY. | D8: Ensures proper sorting and time analysis. | E8: Yes | F8: All retained rows standardized.
A9: 6 | B9: Range checks | C9: Flag impossible values based on approved thresholds. | D9: Protects descriptive statistics and models. | E9: Yes | F9: Age, sleep, stress, attendance and GPA checked.
A10: 7 | B10: Missing values | C10: Retain missing data as blank unless replacement rule is provided by client. | D10: Avoids ungrounded assumptions. | E10: Yes | F10: No imputation used in this sample.
A11: 8 | B11: Final validation | C11: Review cleaned sheet for consistency, duplicates and obvious errors. | D11: Delivers analysis-ready output. | E11: Yes | F11: All key checks completed.

Sheet Cleaned_Data
A1: Cleaned Dataset (Analysis-Ready)
A2: Cleaning note: | B2: Duplicate copy removed; invalid or impossible values converted to blanks; dates and categories standardized.
A4: Respondent_ID | B4: Student_Name | C4: Gender | D4: Age | E4: Survey_Date | F4: Sleep_Hours | G4: Stress_Score | H4: Attendance_% | I4: GPA | J4: Email | K4: Cleaning_Notes
A5: ST001 | B5: Aarav Mehta | C5: Male | D5: 21 | E5: 12-Feb-2025 | F5: 7.5 | G5: 6 | H5: 91 | I5: 3.4 | J5: aarav@uni.edu | K5: Valid record retained
A6: ST002 | B6: Diya Sharma | C6: Female | D6: 20 | E6: 13-Feb-2025 | F6: 6 | G6: 8 | H6: 88 | I6: 3.2 | J6: diya@uni.edu | K6: Email trimmed; gender standardized
A7: ST003 | B7: Rohan Iyer | C7: Male | D7: 22 | E7: 14-Feb-2025 | F7: 5.5 | G7: 9 | H7: 95 | I7: 3.8 | J7: rohan.iyer@uni.edu | K7: Whitespace normalized
A8: ST004 | B8: Neha Kapoor | C8: Female | D8: 19 | E8: 15-Feb-2025 | F8: 8 | G8: 4 | H8: 84 | I8: 3.6 | J8: neha@uni.edu | K8: Gender standardized
A9: ST005 | B9: Kabir Singh | C9: Male | E9: 16-Feb-2025 | F9: 7 | G9: 5 | H9: 90 | I9: 3.1 | J9: kabir@uni.edu | K9: Invalid age cleared
A10: ST006 | B10: Ishita Rao | C10: Female | D10: 20 | E10: 17-Feb-2025 | G10: 7 | H10: 86 | I10: 3.3 | J10: ishita@uni.edu | K10: Missing sleep retained blank
A11: ST007 | B11: Arjun Das | C11: Male | D11: 23 | E11: 18-Feb-2025 | G11: 6 | H11: 89 | I11: 3.5 | J11: arjun@uni.edu | K11: Sleep outlier cleared
A12: ST008 | B12: Sara Khan | C12: Female | D12: 18 | E12: 19-Feb-2025 | F12: 4 | H12: 92 | I12: 3 | J12: sara@uni.edu | K12: Stress outlier cleared
A13: ST009 | B13: Vihaan Roy | C13: Male | D13: 21 | E13: 20-Feb-2025 | G13: 8 | I13: 2.9 | J13: vihaan@uni.edu | K13: Sleep and attendance outliers cleared
A14: ST010 | B14: Ananya Sen | C14: Female | D14: 20 | E14: 21-Feb-2025 | F14: 6.5 | G14: 7 | I14: 3.7 | J14: ananya@uni.edu | K14: Attendance outlier cleared
A15: ST011 | B15: Rahul Jain | C15: Male | E15: 22-Feb-2025 | F15: 7 | G15: 3 | H15: 93 | I15: 3.9 | J15: rahul@uni.edu | K15: One duplicate removed; age missing retained
A16: ST012 | B16: Pooja Nair | C16: Female | D16: 19 | E16: 23-Feb-2025 | F16: 8.5 | H16: 87 | I16: 3.4 | J16: pooja@uni.edu | K16: Stress outlier cleared
A17: ST013 | B17: Dev Patel | C17: Male | D17: 22 | E17: 24-Feb-2025 | F17: 7 | G17: 5 | H17: 90 | J17: dev@uni.edu | K17: GPA outlier cleared
A18: ST014 | B18: Mira Thomas | C18: Female | D18: 21 | E18: 25-Feb-2025 | F18: 5 | G18: 9 | H18: 82 | I18: 2.8 | J18: mira@uni.edu | K18: Date standardized
A19: ST015 | B19: Nikhil Bose | C19: Male | E19: 26-Feb-2025 | F19: 6 | G19: 6 | H19: 79 | I19: 3.1 | J19: nikhil@uni.edu | K19: Underage value cleared
A20: ST016 | B20: Zoya Ali | C20: Female | D20: 20 | E20: 27-Feb-2025 | F20: 7.5 | G20: 4 | H20: 85 | I20: 3.5 | K20: Missing email retained blank
A21: ST017 | B21: Karan Gill | C21: Male | D21: 23 | E21: 28-Feb-2025 | F21: 3 | G21: 10 | H21: 97 | I21: 3 | J21: karan@uni.edu | K21: Valid boundary values retained
A22: ST018 | B22: Tanya Paul | C22: Female | D22: 21 | E22: 01-Mar-2025 | F22: 11 | G22: 2 | H22: 90 | J22: tanya@uni.edu | K22: Invalid GPA cleared
A23: ST019 | B23: Reyansh Verma | C23: Male | D23: 22 | E23: 02-Mar-2025 | F23: 6 | G23: 7 | H23: 88 | I23: 3.4 | J23: reyansh@uni.edu | K23: Whitespace normalized
A24: ST020 | B24: Ira Joshi | C24: Female | D24: 20 | E24: 03-Mar-2025 | F24: 7 | G24: 6 | H24: 91 | I24: 3.6 | J24: ira@uni.edu | K24: Date standardized
A25: ST021 | B25: Aditya Rao | C25: Male | D25: 21 | E25: 04-Mar-2025 | F25: 5 | G25: 8 | H25: 83 | I25: 3.2 | J25: aditya@uni.edu | K25: Date standardized
A26: ST022 | B26: Meera Bhat | C26: Female | D26: 19 | E26: 05-Mar-2025 | F26: 8 | G26: 5 | H26: 86 | J26: meera@uni.edu | K26: Missing GPA retained blank
A27: ST023 | B27: Samar Khurana | C27: Male | D27: 22 | E27: 06-Mar-2025 | F27: 4.5 | G27: 9 | H27: 80 | I27: 3 | J27: samar@uni.edu | K27: Valid record retained
A28: ST024 | B28: Ria Dsouza | C28: Female | D28: 20 | E28: 07-Mar-2025 | G28: 4 | H28: 89 | I28: 3.8 | J28: ria@uni.edu | K28: Missing sleep retained blank

Sheet Cleaning_Log
A1: Cleaning Log
A3: Log_ID | B3: Field | C3: Issue | D3: Action | E3: Rows Affected | F3: Rule Ref | G3: Checked By | H3: Outcome | J3: Metric | K3: Formula / Value
A4: 1 | B4: Respondent_ID | C4: Duplicate record | D4: Removed second verified duplicate copy for ST011 | E4: 1 | F4: Rule 2 | G4: Sample QA | H4: Closed | J4: Total raw records | K4: =COUNTA(Raw_Data!A5:A29) -> 25
A5: 2 | B5: Gender | C5: Inconsistent coding | D5: Mapped M/male/F/female variants to Male/Female | E5: 16 | F5: Rule 4 | G5: Sample QA | H5: Closed | J5: Final clean records | K5: =COUNTA(Cleaned_Data!A5:A28) -> 24
A6: 3 | B6: Student_Name / Email | C6: Whitespace inconsistency | D6: Trimmed leading, trailing and double spaces | E6: 4 | F6: Rule 3 | G6: Sample QA | H6: Closed | J6: Rows removed | K6: =COUNTA(Raw_Data!A5:A29)-COUNTA(Cleaned_Data!A5:A28) -> 1
A7: 4 | B7: Survey_Date | C7: Mixed date formats | D7: Converted retained dates to DD-MMM-YYYY | E7: 24 | F7: Rule 5 | G7: Sample QA | H7: Closed | J7: Rows with duplicate flag | K7: =SUM(Raw_Data!K5:K29) -> 2
A8: 5 | B8: Age | C8: Invalid values / missing | D8: Cleared age values outside approved range | E8: 3 | F8: Rule 6 | G8: Sample QA | H8: Closed | J8: Rows with outlier flag | K8: =SUM(Raw_Data!M5:M29) -> 9
A9: 6 | B9: Sleep_Hours | C9: Outlier / missing | D9: Cleared impossible values; retained missing as blank | E9: 4 | F9: Rule 6 | G9: Sample QA | H9: Closed | J9: Missing fields in raw file | K9: =SUM(Raw_Data!L5:L29) -> 6
A10: 7 | B10: Stress_Score | C10: Outlier values | D10: Cleared invalid scores outside 1–10 | E10: 2 | F10: Rule 6 | G10: Sample QA | H10: Closed
A11: 8 | B11: Attendance_% | C11: Outlier values | D11: Cleared invalid attendance values outside 0–100 | E11: 2 | F11: Rule 6 | G11: Sample QA | H11: Closed
A12: 9 | B12: GPA | C12: Outlier / missing | D12: Cleared invalid GPA values outside 0–4 | E12: 3 | F12: Rule 6 | G12: Sample QA | H12: Closed
A13: 10 | B13: Final validation | C13: Post-clean review | D13: Checked duplicate status, variable formats and blanks | E13: 24 | F13: Rule 8 | G13: Sample QA | H13: Closed

Sheet Summary_Dashboard
B2: Data Cleaning Summary Dashboard | N2: Metric | O2: Value
B3: Research Edit4u Solutions | www.researchedit4u.in | N3: Missing Fields | O3: =SUM(Raw_Data!L5:L29) -> 6
N4: Duplicate Flags | O4: =SUM(Raw_Data!K5:K29) -> 2
B5: Total Raw Records | E5: Final Clean Records | H5: Rows Removed | K5: Missing Fields (Raw) | N5: Outlier Flags | O5: =SUM(Raw_Data!M5:M29) -> 9
B6: =COUNTA(Raw_Data!A5:A29) -> 25 | E6: =COUNTA(Cleaned_Data!A5:A28) -> 24 | H6: =COUNTA(Raw_Data!A5:A29)-COUNTA(Cleaned_Data!A5:A28) -> 1 | K6: =SUM(Raw_Data!L5:L29) -> 6 | N6: Rows Removed | O6: =COUNTA(Raw_Data!A5:A29)-COUNTA(Cleaned_Data!A5:A28) -> 1
B11: Duplicate Flags | E11: Outlier Flags | H11: Usable Record Rate | K11: Variables Standardized
B12: =SUM(Raw_Data!K5:K29) -> 2 | E12: =SUM(Raw_Data!M5:M29) -> 9 | H12: =COUNTA(Cleaned_Data!A5:A28)/COUNTA(Raw_Data!A5:A29) -> 0.96 | K12: =6 -> 6
B16: Metric Notes
B17: Metric | F17: Interpretation
B18: Missing Fields (Raw) | F18: Total blank cells detected in the raw file before any cleaning.
B19: Duplicate Flags | F19: Counts rows sharing the same Respondent_ID in the raw dataset.
B20: Outlier Flags | F20: Counts rows where at least one key numeric variable failed range checks.
B21: Usable Record Rate | F21: Final cleaned records divided by total raw records.
